JNS, bound_address, nostr_account, nostr_account_hex
evan.j, 0x, npub1dlwqsauewd56dekrnuxh8xukvg7pgeelwp39qah8ts5x28tmf7pqp5tcp3, 6fdc0877997369a6e6c39f0d739b96623c14673f70625076e75c28651d7b4f82
io3art.j, 0xAED63c01380EF0a555fAA09a022Ed1E103D64bF5, npub1cu4wtjl5nz2f3pvpw7dp40ynkqhnfr4q6enm0m83ceynck0s725qsuqp3j, c72ae5cbf49894988581779a1abc93b02f348ea0d667b7ecf1c6493c59f0f2a8
c.j, 0x3a35885E1ba10B8c1ebeFecef169aD2AE8De99A8, npub1nfa2ftpt2fl4hxsnfr8f7htlnzrtgrrhuf0d5udz8e7nvx5zfv6quj666c, 9a7aa4ac2b527f5b9a1348ce9f5d7f9886b40c77e25eda71a23e7d361a824b34
fang.j, 0xB2b4596664EA23cC4a871887b9A5CCE16FE8FD1e, npub1gduqk0h4ys0mdrkxfrdhhyaja5enygp70wlkz30lyzvn79ty2u4qkym9th, 43780b3ef5241fb68ec648db7b93b2ed3332203e7bbf6145ff20993f1564572a
koant.j, 0x5BF50F2931688F886F46f88D5CEEDE530bB92076, npub140alnhjuzn56jz6kc3yd0uknztrvrrr3u66kuk8erjf2uvssxv4shye84y, abfbf9de5c14e9a90b56c448d7f2d312c6c18c71e6b56e58f91c92ae3210332b
music.j, 0x999923C376ecF7D7f3eC554cCBf1218eF3d6C45B, npub1k5sdadgttul0vkyetggzly37a8kzc8v37scjtnz54y3fryeswr3q4a0exj, b520deb50b5f3ef658995a102f923ee9ec2c1d91f43125cc54a92291933070e2
li17.j, 0xCb7D6BBc8f6033b7acedB3F196535C5BB8A2623C, npub17rwz53le7u66emfl97avutxw4sc27q2rspq4w5masmczgpj2ujgsezt6p6, f0dc2a47f9f735aced3f2fbace2cceac30af0143804157537d86f024064ae491
j.j, 0x88A59D6914398FAEEAE2Fb9B50351f9373dEe1D6, npub1757zmpjxvr37t79ddxe278e8lugm7fphye2athdzr9z26ra47ups09l6ce, f53c2d864660e3e5f8ad69b2af1f27ff11bf24372655d5dda21944ad0fb5f703
web3.j, 0xAD8eCe3F5Cb68CD9124e6B124B9985B41E7AdAf7, npub15rquc097lw6klvfxq5qg6kuw834vdvv5tt7uudgv8kmy7c5wnfkshftkpe, a0c1cc3cbefbb56fb12605008d5b8e3c6ac6b1945afdce350c3db64f628e9a6d
2917.j, 0x44ba49929f327d12238699cd9b1ecfdb5f2ab86a, npub1rr3lrmdyz4u2xk2w46nwrv2u673gzpjg2wneyegslagm8qru2qtq44vxcy, 18e3f1eda41578a3594eaea6e1b15cd7a281064853a7926510ff51b3807c5016
sizimao.j, 0x8a14917Cd61bf71eae8E33e1E620c40471B62422, npub1engurlchymtq6d2gvex6q95zke5550xc7u5ee0ws0x45l03e2yxqy02epf, ccd1c1ff1726d60d3548664da01682b6694a3cd8f7299cbdd079ab4fbe39510c
seed.j, 0x36b68b28e589e5eb41a6f22938054ea4bd82423d, npub1qyq25x0f040dfp80e9f7gvzn47r2t94q0mnda5u2v0xrgjukc6yqnhjg0y, 0100aa19e97d5ed484efc953e43053af86a596a07ee6ded38a63cc344b96c688
dashu.j, 0x03098BFD3861d998f14c62659B9bb2E4ecd89CE6, npub147jtng99n8h662vcn9q89zhv6hlpesnqtzm2rq4svykcfmg4p0ps9rhkhq, afa4b9a0a599efad29989940728aecd5fe1cc26058b6a182b0612d84ed150bc3
zhifei.j, 0x55c2322840385C1391Dcd2D531D1272477A988a6, npub1qc52v9055x7jchzsyq448c2hud9v7y2442nmhqx26xtyjhay239que6kt0, 0628a615f4a1bd2c5c50202b53e157e34acf1155aaa7bb80cad196495fa4544a
